product_id	product_name	amazon_url	rakuten_url	yahoo_url	price	image_url	keywords	asin	product_info	created_date
7313	Lladró Gatito Pasmado	https://www.amazon.co.jp/dp/B001BC5FVU?tag=eih4uh06-22&linkCode=ogi&th=1&psc=1	NULL	NULL	22327	https://m.media-amazon.com/images/I/31f3ZA4nwkL._SL500_.jpg	Lladro 驚いた仔猫ちゃん	B001BC5FVU	置物・オブジェ	2024-12-31
7312	Culti Thé 1000ml	https://www.amazon.co.jp/dp/B077HNP6RY?tag=eih4uh06-22&linkCode=ogi&th=1&psc=1	NULL	NULL	10000	https://m.media-amazon.com/images/I/21j-ZAfHc2L._SL500_.jpg	Culti The	B077HNP6RY	リードディフューザー	2024-12-31
7311	Amazon Echo Spot (2024)	https://www.amazon.co.jp/dp/B0C2S4K41G?tag=eih4uh06-22&linkCode=ogi&th=1&psc=1	NULL	NULL	11480	https://m.media-amazon.com/images/I/41qT82TSxdL._SL500_.jpg	Echo Spot	B0C2S4K41G	Amazonデバイス	2024-12-31
7310	TickTime	https://www.amazon.co.jp/dp/B08HWCWY6Z?tag=eih4uh06-22&linkCode=ogi&th=1&psc=1	NULL	NULL	5580	https://m.media-amazon.com/images/I/41Zh1Ot0nDL._SL500_.jpg	TickTime	B08HWCWY6Z	キッチンタイマー	2024-12-31
7309	Coffee Mug Warmer	https://www.amazon.co.jp/dp/B0CQH64G7T?tag=eih4uh06-22&linkCode=ogi&th=1&psc=1	NULL	NULL	2299	https://m.media-amazon.com/images/I/31jHtA9LyQL._SL500_.jpg	カップウォーマー	B0CQH64G7T	コースター	2024-12-31
7308	3-in-1 Magnetic Wireless Charging Stand	https://www.amazon.co.jp/dp/B0BPPB1XCW?tag=eih4uh06-22&linkCode=ogi&th=1&psc=1	NULL	NULL		https://m.media-amazon.com/images/I/415MbRtj6yL._SL500_.jpg	T585-F 充電器	B0BPPB1XCW	携帯電話・スマートフォン用ワイヤレス充電器	2024-12-31
7301	東海林弘靖『Delicious Lighting』（TOTO出版）	https://www.amazon.co.jp/dp/4887062850?tag=eih4uh06-22&linkCode=ogi&th=1&psc=1	NULL	NULL	2900	https://m.media-amazon.com/images/I/41dLthllX+L._SL500_.jpg	東海林弘靖 Delicious Lighting	4887062850	電気・通信（本）	2024-12-30
7300	Philips Hue Gradation Light Ribbon	https://www.amazon.co.jp/dp/B0CGCP4Y6C?tag=eih4uh06-22&linkCode=ogi&th=1&psc=1	NULL	NULL	21869	https://m.media-amazon.com/images/I/310uLxwCyeL._SL500_.jpg	Philips Hue グラデーションライトリボン	B0CGCP4Y6C	LED電球	2024-12-30
7299	ELPA コード付ソケット (口金 E26 / 1.5m / ブラック) 中間スイッチ付 KP-M2615H(BK)	https://www.amazon.co.jp/dp/B006K0DH18?tag=eih4uh06-22&linkCode=ogi&th=1&psc=1	NULL	NULL	854	https://m.media-amazon.com/images/I/31P9H5r9slL._SL500_.jpg	KP-M2615H	B006K0DH18	電設用ソケット	2024-12-30
7298	Philips Hue PC Light Ribbon for 24-27 inch PC Monitor, Triple Display	https://www.amazon.co.jp/dp/B0BKWM5QZJ?tag=eih4uh06-22&linkCode=ogi&th=1&psc=1	NULL	NULL	36780	https://m.media-amazon.com/images/I/41QruK58LkL._SL500_.jpg	Philips Hue PC ライトリボン 24 27	B0BKWM5QZJ	USBライト	2024-12-30
7297	Philips Hue Full-Color Single Lamp E26 1100lm	https://www.amazon.co.jp/dp/B0B8MM8PSQ?tag=eih4uh06-22&linkCode=ogi&th=1&psc=1	NULL	NULL	8834	https://m.media-amazon.com/images/I/41o8abX+-TL._SL500_.jpg	Philips Hue フルカラー E26	B0B8MM8PSQ	LED電球	2024-12-30
7284	Ergotron MX Desk Monitor Arm	https://www.amazon.co.jp/dp/B001IWOBGI?tag=eih4uh06-22&linkCode=ogi&th=1&psc=1	NULL	NULL	22400	https://m.media-amazon.com/images/I/41HOAfAt7TL._SL500_.jpg	Ergotron MX	B001IWOBGI	コンピュータモニターアーム	2024-12-30
7279	Xencelabs Quick Keys	https://www.amazon.co.jp/dp/B08VNCLDTK?tag=eih4uh06-22&linkCode=ogi&th=1&psc=1	NULL	NULL	14980	https://m.media-amazon.com/images/I/31VRqjzOKGL._SL500_.jpg	Xencelabs クイッキーズ	B08VNCLDTK	グラフィックタブレット & ペン	2024-12-30
7274	BenQ SW271	https://www.amazon.co.jp/dp/B0785MRPQL?tag=eih4uh06-22&linkCode=ogi&th=1&psc=1	NULL	NULL	65800	https://m.media-amazon.com/images/I/41R8zLPgSiL._SL500_.jpg	BenQ SW271	B0785MRPQL	ディスプレイ	2024-12-30
7263	SteelSeries QcK Small	https://www.amazon.co.jp/dp/B000UEZ37G?tag=eih4uh06-22&linkCode=ogi&th=1&psc=1	NULL	NULL	1100	https://m.media-amazon.com/images/I/21v78ANqkNL._SL500_.jpg	SteelSeries QcK 63005	B000UEZ37G	マウスパッド	2024-12-30
7262	Logicool MX Anywhere 3S	https://www.amazon.co.jp/dp/B0C65MQZ65?tag=eih4uh06-22&linkCode=ogi&th=1&psc=1	NULL	NULL	13000	https://m.media-amazon.com/images/I/312jQ3H3eRL._SL500_.jpg	Logicool MX Anywhere 3S	B0C65MQZ65	マウス	2024-12-30
7261	滑り止めゴム足クッション100粒 9.5*3.7mm	https://www.amazon.co.jp/dp/B0B2PHGD6N?tag=eih4uh06-22&linkCode=ogi&th=1&psc=1	NULL	NULL		https://m.media-amazon.com/images/I/41qJRAEU5BL._SL500_.jpg	滑り止めゴム足クッション	B0B2PHGD6N	チェアパッド・座面クッション	2024-12-30
7260	PFU HHKB Professional HYBRID Type-S 英語配列 墨	https://www.amazon.co.jp/dp/B0DNDZ3JX3?tag=eih4uh06-22&linkCode=ogi&th=1&psc=1	NULL	NULL	38450	https://m.media-amazon.com/images/I/31KnE4Y-ErL._SL500_.jpg	HHKB Professional HYBRID Type-S 英語配列 墨	B0DNDZ3JX3	パソコン用キーボード	2024-12-30
7254	Koplus Bodyflex	https://www.amazon.co.jp/dp/B007OZ1EBS?tag=eih4uh06-22&linkCode=ogi&th=1&psc=1	NULL	NULL	58557	https://m.media-amazon.com/images/I/41tkFjTGhGL._SL500_.jpg	Koplus Bodyflex	B007OZ1EBS	デスクチェア	2024-12-29
7248	ニトムズ 強力両面テープ No.541	https://www.amazon.co.jp/dp/B000TGHHCY?tag=eih4uh06-22&linkCode=ogi&th=1&psc=1	NULL	NULL	603	https://m.media-amazon.com/images/I/41m8Up8KalL._SL500_.jpg	ニトムズ 強力両面テープ No.541	B000TGHHCY	作業用両面テープ	2024-12-29
7246	FlexiSpot E7H	https://www.amazon.co.jp/dp/B0CC1RCDC5?tag=eih4uh06-22&linkCode=ogi&th=1&psc=1	NULL	NULL	54230	https://m.media-amazon.com/images/I/31rOU6v18zL._SL500_.jpg	FlexiSpot E7H	B0CC1RCDC5	パソコンラック	2024-12-29
7184	SwitchBot Hub Mini Matter Enabled	https://www.amazon.co.jp/dp/B0CGX7YVTL?tag=eih4uh06-22&linkCode=ogi&th=1&psc=1	NULL	NULL		https://m.media-amazon.com/images/I/41u3HJecRxL._SL500_.jpg	SwitchBot ハブミニ Matter	B0CGX7YVTL	AV・テレビリモコン	2024-12-27
7150	T-fal Ultimate 6828	https://www.amazon.co.jp/dp/B0BJ1F4LHB?tag=eih4uh06-22&linkCode=ogi&th=1&psc=1	NULL	NULL	14500	https://m.media-amazon.com/images/I/41SpAqZFEYL._SL500_.jpg	ティファール 6828	B0BJ1F4LHB	スチームアイロン	2024-12-27
7098	PLANEX BT-Micro4	https://www.amazon.co.jp/dp/B0071TE1G2?tag=eih4uh06-22&linkCode=ogi&th=1&psc=1	NULL	NULL		https://m.media-amazon.com/images/I/51guwvaG1EL._SL500_.jpg	PLANEX BT-Micro4	B0071TE1G2	Bluetoothアダプタ	2024-12-25
7097	Royal Canin アペタイト コントロール ウェット	https://www.amazon.co.jp/dp/B0CW1946NY?tag=eih4uh06-22&linkCode=ogi&th=1&psc=1	NULL	NULL	3580	https://m.media-amazon.com/images/I/51NJbzAuFWL._SL500_.jpg	ロイヤルカナン アペタイト コントロール ウェット	B0CW1946NY	ウェットキャットフード	2024-12-25
7076	Anker USB-C Hub (14-in-1, Triple display)	https://www.amazon.co.jp/dp/B0CG5CF9GF?tag=eih4uh06-22&linkCode=ogi&th=1&psc=1	NULL	NULL	8990	https://m.media-amazon.com/images/I/31UXPZQJCQL._SL500_.jpg	Anker USB-C ハブ 14-in-1 Triple display	B0CG5CF9GF	USBハブ	2024-12-24
7071	Crucial P3 Plus Gen4 NVMe SSD 500GB	https://www.amazon.co.jp/dp/B0BCNV3JP4?tag=eih4uh06-22&linkCode=ogi&th=1&psc=1	NULL	NULL		https://m.media-amazon.com/images/I/31-DCVGh0uL._SL500_.jpg	Crucial P3 Plus SSD 500GB	B0BCNV3JP4	内蔵型SSD	2024-12-24
7003	Geekworm X1001 PCIe to M.2 Key-M NVMe SSD PIP TOP for Raspberry Pi 5	https://www.amazon.co.jp/dp/B0CQ7QSKQ6?tag=eih4uh06-22&linkCode=ogi&th=1&psc=1	NULL	NULL	2204	https://m.media-amazon.com/images/I/41QNhmIflGL._SL500_.jpg	Geekworm X1001	B0CQ7QSKQ6	内蔵型SSD	2024-12-23
6983	Gosund WP6-1	https://www.amazon.co.jp/dp/B0BFR674HF?tag=eih4uh06-22&linkCode=ogi&th=1&psc=1	NULL	NULL	1715	https://m.media-amazon.com/images/I/21oXwBG-mVL._SL500_.jpg	Gosund WP6-1	B0BFR674HF	スマートホームセキュリティ	2024-12-23
6978	SwitchBot Bot	https://www.amazon.co.jp/dp/B07B7NXV4R?tag=eih4uh06-22&linkCode=ogi&th=1&psc=1	NULL	NULL	3980	https://m.media-amazon.com/images/I/31HowR-1bEL._SL500_.jpg	SwitchBot	B07B7NXV4R	電設用スイッチ	2024-12-23
6966	SILENT HILL 2	https://www.amazon.co.jp/dp/B0D5GNCF8Q?tag=eih4uh06-22&linkCode=ogi&th=1&psc=1	NULL	NULL	6690	https://m.media-amazon.com/images/I/41vKvzvDk9L._SL500_.jpg	SILENT HILL 2	B0D5GNCF8Q	PS5ゲームソフト	2024-12-23
6954	Dainichi HD-RX324-W	https://www.amazon.co.jp/dp/B0DBYYZ7PJ?tag=eih4uh06-22&linkCode=ogi&th=1&psc=1	NULL	NULL		https://m.media-amazon.com/images/I/41bzwaHMkjL._SL500_.jpg	HD-RX324	B0DBYYZ7PJ	ワンルーム用加湿器	2024-12-22
6880	texcy luxe TU-7044	https://www.amazon.co.jp/dp/B0DGL66T7Y?tag=eih4uh06-22&linkCode=ogi&th=1&psc=1	NULL	NULL	9786	https://m.media-amazon.com/images/I/31RkKBRk5LL._SL500_.jpg	texcy luxe TU-7044	B0DGL66T7Y	メンズビジネスシューズ	2024-12-21
6359	XREAL Air 2 Pro	https://www.amazon.co.jp/dp/B0CJ4MKNPQ?tag=eih4uh06-22&linkCode=ogi&th=1&psc=1	NULL	NULL	53980	https://m.media-amazon.com/images/I/31KLc9XY-8L._SL500_.jpg	XREAL Air 2 Pro	B0CJ4MKNPQ	スマートグラス	2024-09-09
6285	PS Portal 用充電スタンド	https://www.amazon.co.jp/dp/B0CSFDB161?tag=eih4uh06-22&linkCode=ogi&th=1&psc=1	NULL	NULL	1799	https://m.media-amazon.com/images/I/41zdn4ivHCL._SL500_.jpg	PS Portal 用充電スタンド	B0CSFDB161	PS5用ケーブル・アダプター	2024-08-17
6271	Audio-Technica ATL464A/3.0 Line Cable	https://www.amazon.co.jp/dp/B003UXCZI4?tag=eih4uh06-22&linkCode=ogi&th=1&psc=1	NULL	NULL	1260	https://m.media-amazon.com/images/I/41b-9cr1EXL._SL500_.jpg	ATL464A/3.0	B003UXCZI4	マイクケーブル	2024-08-17
6269	FOSTEX PM-SUBmini2 Active Subwoofer	https://www.amazon.co.jp/dp/B0160TTZYQ?tag=eih4uh06-22&linkCode=ogi&th=1&psc=1	NULL	NULL	43320	https://m.media-amazon.com/images/I/61zUVjKnvxL._SL500_.jpg	PM-SUBmini2	B0160TTZYQ	サブウーファー	2024-08-17
6220	Silicon Power Ace A58 SP004TBSS3A58A25	https://www.amazon.co.jp/dp/B0C4B1MXQ7?tag=eih4uh06-22&linkCode=ogi&th=1&psc=1	NULL	NULL	35880	https://m.media-amazon.com/images/I/41bJIaN8MnL._SL500_.jpg	SP004TBSS3A58A25	B0C4B1MXQ7	内蔵型SSD	2024-08-16
6206	Century 裸族のインナーV2 (CRIN2535V2)	https://www.amazon.co.jp/dp/B0BPLSND97?tag=eih4uh06-22&linkCode=ogi&th=1&psc=1	NULL	NULL	1611	https://m.media-amazon.com/images/I/31K3J5X1pFL._SL500_.jpg	CRIN2535V2	B0BPLSND97	SATAケーブル	2024-08-15
6205	CFD MGAX CSSD-S6L2TMGAX	https://www.amazon.co.jp/dp/B0C4NS8NRL?tag=eih4uh06-22&linkCode=ogi&th=1&psc=1	NULL	NULL	26790	https://m.media-amazon.com/images/I/41M-ODmhI1L._SL500_.jpg	CSSD-S6L2TMGAX	B0C4NS8NRL	内蔵型SSD	2024-08-15
6177	AZUKI Tech 24K 金メッキ バナナプラグ 8本セット	https://www.amazon.co.jp/dp/B09CKVRQRT?tag=eih4uh06-22&linkCode=ogi&th=1&psc=1	NULL	NULL	990	https://m.media-amazon.com/images/I/41vegmvIF0L._SL500_.jpg	アズキホーム バナナプラグ	B09CKVRQRT	AV機器用変換アダプター・変換プラグ	2024-08-15
6176	Sanyun SW601 Metal Desktop Speaker Stand	https://www.amazon.co.jp/dp/B0BN44PVLK?tag=eih4uh06-22&linkCode=ogi&th=1&psc=1	NULL	NULL	2999	https://m.media-amazon.com/images/I/41pugwjDX3L._SL500_.jpg	Sanyun SW601	B0BN44PVLK	スピーカー台・スタンド	2024-08-15
6175	Audioengine A2+ Home Music System w/ Bluetooth aptX	https://www.amazon.co.jp/dp/B07RT9PBFT?tag=eih4uh06-22&linkCode=ogi&th=1&psc=1	NULL	NULL	29800	https://m.media-amazon.com/images/I/41Y97AkEYOL._SL500_.jpg	Audioengine A2+	B07RT9PBFT	PCスピーカー	2024-08-15
6171	サンワサプライ スピーカースタンド 小型用・クランプ式 100-SPSTN03	https://www.amazon.co.jp/dp/B0CTM3KQN1?tag=eih4uh06-22&linkCode=ogi&th=1&psc=1	NULL	NULL	6480	https://m.media-amazon.com/images/I/41X7fDbWPDL._SL500_.jpg	100-SPSTN03	B0CTM3KQN1	スピーカー台・スタンド	2024-08-15
6051	New Balance M2002R GTX D	https://www.amazon.co.jp/dp/B0BY2C7G7V?tag=eih4uh06-22&linkCode=ogi&th=1&psc=1	NULL	NULL	45900	https://m.media-amazon.com/images/I/41dJk3yG8IL._SL500_.jpg	New Balance M2002R GTX D	B0BY2C7G7V	メンズスニーカー	2024-08-13
5854	Raspberry Pi 5 8GB	https://www.amazon.co.jp/dp/B0CQZHN2K4?tag=eih4uh06-22&linkCode=ogi&th=1&psc=1	NULL	NULL	12700	https://m.media-amazon.com/images/I/31ulVhoF7LL._SL500_.jpg	Raspberry Pi 5	B0CQZHN2K4	マザーボード	2024-05-13
5841	ユニコーンオーバーロード	https://www.amazon.co.jp/dp/B0CJ4BF2GL?tag=eih4uh06-22&linkCode=ogi&th=1&psc=1	NULL	NULL	6980	https://m.media-amazon.com/images/I/51PVurXVWXL._SL500_.jpg	ユニコーンオーバーロード	B0CJ4BF2GL	PS5ゲームソフト	2024-05-04
5049	3 In 1 Foldable Magnetic Wireless Charger Stand	https://www.amazon.co.jp/dp/B0C73PBNZ8?tag=eih4uh06-22&linkCode=ogi&th=1&psc=1	NULL	NULL	4696	https://m.media-amazon.com/images/I/51EmL9SEWTL._SL500_.jpg	3 In 1 Foldable Magnetic Wireless Charger Stand	B0C73PBNZ8	携帯電話・スマートフォン用ワイヤレス充電器	2024-01-17
4952	Apple iPhone 15 Pro 256 GB Blue Titanium	https://www.amazon.co.jp/dp/B0CHXNZWBL?tag=eih4uh06-22&linkCode=ogi&th=1&psc=1	NULL	NULL		https://m.media-amazon.com/images/I/41me-QfWqRL._SL500_.jpg	Apple iPhone 15 Pro	B0CHXNZWBL	スマートフォン	2024-01-06
4865	final VR2000 for Gaming	https://www.amazon.co.jp/dp/B0CGRNXKH5?tag=eih4uh06-22&linkCode=ogi&th=1&psc=1	NULL	NULL	6980	https://m.media-amazon.com/images/I/21Q8bEmaFGL._SL500_.jpg	final vr2000 for gaming	B0CGRNXKH5	PCゲーミングヘッドセット	2024-01-02
4861	Shure AONIC 50 Gen 2	https://www.amazon.co.jp/dp/B0CGKVDRNW?tag=eih4uh06-22&linkCode=ogi&th=1&psc=1	NULL	NULL	46600	https://m.media-amazon.com/images/I/41oVUXrReZL._SL500_.jpg	shure aonic 50 gen 2	B0CGKVDRNW	オーバーイヤーヘッドホン	2024-01-02
4851	UGG CA805	https://www.amazon.co.jp/dp/B0BSMQ13VZ?tag=eih4uh06-22&linkCode=ogi&th=1&psc=1	NULL	NULL		https://m.media-amazon.com/images/I/410NNPjEKcL._SL500_.jpg	ugg ca805	B0BSMQ13VZ	メンズスニーカー	2024-01-02
4848	Nike Air Max 97 Black Anthracite White	https://www.amazon.co.jp/dp/B0BQG7VS4T?tag=eih4uh06-22&linkCode=ogi&th=1&psc=1	NULL	NULL		https://m.media-amazon.com/images/I/41EEZj-OLbL._SL500_.jpg	nike air max 97 921826-015	B0BQG7VS4T	メンズスニーカー	2024-01-02
4813	バルダーズ・ゲート3	https://www.amazon.co.jp/dp/B0CKBNFMVL?tag=eih4uh06-22&linkCode=ogi&th=1&psc=1	NULL	NULL	5860	https://m.media-amazon.com/images/I/51CwQGw7kjL._SL500_.jpg	バルダーズ・ゲート3	B0CKBNFMVL	PS5ゲームソフト	2023-12-30
4784	RØDE Vlogger Kit USB-C	https://www.amazon.co.jp/dp/B08P4C1KLH?tag=eih4uh06-22&linkCode=ogi&th=1&psc=1	NULL	NULL	17980	https://m.media-amazon.com/images/I/31NaKRoyRYL._SL500_.jpg	RODE Vlogger Kit USB-C	B08P4C1KLH	コンデンサマイク	2023-12-16
4711	Sony PlayStation Portal Remote Player	https://www.amazon.co.jp/dp/B0CJT1NHWD?tag=eih4uh06-22&linkCode=ogi&th=1&psc=1	NULL	NULL	31829	https://m.media-amazon.com/images/I/31h-ZM9UEmL._SL500_.jpg	PlayStation Portal	B0CJT1NHWD	PS5アクセサリー	2023-11-19
4584	プレイグ テイル –レクイエム–	https://www.amazon.co.jp/dp/B0BW7YLG41?tag=eih4uh06-22&linkCode=ogi&th=1&psc=1	NULL	NULL	2656	https://m.media-amazon.com/images/I/21mHP5GPQUL._SL500_.jpg	プレイグ テイル レクイエム	B0BW7YLG41	PS5ゲームソフト	2023-07-17
4424	ゼルダの伝説 ティアーズ オブ ザ キングダム	https://www.amazon.co.jp/dp/B0BV94KXFR?tag=eih4uh06-22&linkCode=ogi&th=1&psc=1	NULL	NULL	6500	https://m.media-amazon.com/images/I/51otnTcTO2L._SL500_.jpg	ゼルダの伝説 ティアーズ オブ ザ キングダム	B0BV94KXFR	Nintendo Switch ゲームソフト	2023-05-13
4347	Lacoste L003 Neo	https://www.amazon.co.jp/dp/B0BWJB2YMR?tag=eih4uh06-22&linkCode=ogi&th=1&psc=1	NULL	NULL		https://m.media-amazon.com/images/I/3169zleftaL._SL500_.jpg	ラコステ L003 Neo	B0BWJB2YMR	メンズスニーカー	2023-04-23
4346	Lacoste Carnaby Piquee	https://www.amazon.co.jp/dp/B0B5265KP3?tag=eih4uh06-22&linkCode=ogi&th=1&psc=1	NULL	NULL	14300	https://m.media-amazon.com/images/I/21DCj+GWR6L._SL500_.jpg	ラコステ Carnaby Piquee	B0B5265KP3	メンズスニーカー	2023-04-23
4345	Nike Air Max 720	https://www.amazon.co.jp/dp/B07QLQ7HYY?tag=eih4uh06-22&linkCode=ogi&th=1&psc=1	NULL	NULL		https://m.media-amazon.com/images/I/41r5IMzEO1L._SL500_.jpg	ナイキ Air Max 720	B07QLQ7HYY	メンズスニーカー	2023-04-23
4344	Lacoste Men’s Odyssa	https://www.amazon.co.jp/dp/B0BQHK43WP?tag=eih4uh06-22&linkCode=ogi&th=1&psc=1	NULL	NULL		https://m.media-amazon.com/images/I/21LIVMpUqFL._SL500_.jpg	ラコステ メンズ Odyssa	B0BQHK43WP	メンズスニーカー	2023-04-23
3898	Ubiquiti UniFi Dream Machine Pro	https://www.amazon.co.jp/dp/B086967C9X?tag=eih4uh06-22&linkCode=ogi&th=1&psc=1	NULL	NULL	78656	https://m.media-amazon.com/images/I/11jnVmqwhZL._SL500_.jpg	Ubiquiti UniFi Dream Machine Pro	B086967C9X	無線・有線LANルーター	2022-11-04
3840	Apple MacBook Air (M2, 2022) [M2 8-Core CPU 8-Core GPU, 8 GB Memroy, 256 GB SSD Storage] Starlight	https://www.amazon.co.jp/dp/B0B3BYVPLY?tag=eih4uh06-22&linkCode=ogi&th=1&psc=1	NULL	NULL		https://m.media-amazon.com/images/I/41cJITz3hVL._SL500_.jpg	Apple MacBook Air M2 2022	B0B3BYVPLY	標準型ノートパソコン	2022-10-22
3835	Apple iPad Pro (11-inch) Smart Keyboard Folio	https://www.amazon.co.jp/dp/B0863FZPGY?tag=eih4uh06-22&linkCode=ogi&th=1&psc=1	NULL	NULL		https://m.media-amazon.com/images/I/41IXRjIIPkL._SL500_.jpg	Apple iPad 11 Smart Keyboard Folio	B0863FZPGY	タブレット用キーボード付きケース	2022-10-22
3834	Apple iPad Air（第5世代）256 GB Wi-Fi	https://www.amazon.co.jp/dp/B09V3HHB1Q?tag=eih4uh06-22&linkCode=ogi&th=1&psc=1	NULL	NULL		https://m.media-amazon.com/images/I/41-+36gPjxL._SL500_.jpg	Apple iPad Air 第5世代	B09V3HHB1Q	タブレット	2022-10-22
3814	Apple iPhone SE（第3世代） 128 GB Starlight	https://www.amazon.co.jp/dp/B0BBLYSD9J?tag=eih4uh06-22&linkCode=ogi&th=1&psc=1	NULL	NULL	34342	https://m.media-amazon.com/images/I/31gI87Wc46L._SL500_.jpg	Apple iPhone SE 第3世代	B0BBLYSD9J	スマートフォン	2022-10-16
3766	Apple Lightning - Digital AVアダプタ	https://www.amazon.co.jp/dp/B00XP5KLLK?tag=eih4uh06-22&linkCode=ogi&th=1&psc=1	NULL	NULL		https://m.media-amazon.com/images/I/21NZpiHC2pL._SL500_.jpg	Apple Lightning - Digital AVアダプタ	B00XP5KLLK	HDMIケーブル	2022-10-07
3765	XREAL Adapter	https://www.amazon.co.jp/dp/B0C4KJP6VB?tag=eih4uh06-22&linkCode=ogi&th=1&psc=1	NULL	NULL		https://m.media-amazon.com/images/I/31hvFtQVFsL._SL500_.jpg	XREAL Adapter	B0C4KJP6VB	スマートグラス	2022-10-07
3731	XREAL Air 度付きインサートレンズ 単焦点・薄型	https://www.amazon.co.jp/dp/B0B2QYM5QM?tag=eih4uh06-22&linkCode=ogi&th=1&psc=1	NULL	NULL		https://m.media-amazon.com/images/I/116YOGXKB+L._SL500_.jpg	XREAL Air 度付きインサートレンズ 単焦点・薄型	B0B2QYM5QM	スマートグラス	2022-10-06
3730	XREAL Air	https://www.amazon.co.jp/dp/B0C4KJ28GB?tag=eih4uh06-22&linkCode=ogi&th=1&psc=1	NULL	NULL		https://m.media-amazon.com/images/I/41QlsuSltyL._SL500_.jpg	XREAL Air	B0C4KJ28GB	スマートグラス	2022-10-06
3727	New Balance サポーティブリバウンドインソール RCP280	https://www.amazon.co.jp/dp/B0781YXJDF?tag=eih4uh06-22&linkCode=ogi&th=1&psc=1	NULL	NULL		https://m.media-amazon.com/images/I/41lLVII-ttL._SL500_.jpg	ニューバランス RCP280	B0781YXJDF	インソール	2022-10-06
3720	New Balance 90/60 MAC	https://www.amazon.co.jp/dp/B0B6W5JNX5?tag=eih4uh06-22&linkCode=ogi&th=1&psc=1	NULL	NULL		https://m.media-amazon.com/images/I/311ElG4d+DL._SL500_.jpg	ニューバランス 9060	B0B6W5JNX5	メンズスニーカー	2022-10-06
3571	OBSBOT Meet 4K	https://www.amazon.co.jp/dp/B0CBJT3D9J?tag=eih4uh06-22&linkCode=ogi&th=1&psc=1	NULL	NULL	29880	https://m.media-amazon.com/images/I/31s5kDcOOJL._SL500_.jpg	OBSBOT Meet 4K	B0CBJT3D9J	ウェブカメラ	2022-09-14
3560	スプラトゥーン3	https://www.amazon.co.jp/dp/B09Y1R9VG4?tag=eih4uh06-22&linkCode=ogi&th=1&psc=1	NULL	NULL	5787	https://m.media-amazon.com/images/I/61Qg5GwUp1L._SL500_.jpg	スプラトゥーン3	B09Y1R9VG4	Nintendo Switch ゲームソフト	2022-09-14
3454	ディスコ エリジウム ザ ファイナル カット	https://www.amazon.co.jp/dp/B0B3HSDFD7?tag=eih4uh06-22&linkCode=ogi&th=1&psc=1	NULL	NULL	6535	https://m.media-amazon.com/images/I/51Hae20hKqL._SL500_.jpg	ディスコ エリジウム ザ ファイナル カット	B0B3HSDFD7	PS5ゲームソフト	2022-08-25
3397	Raspberry Pi Zero 2 W	NULL	NULL	NULL	7800	https://m.media-amazon.com/images/I/415u3k6r13L.jpg	Raspberry Pi Zero 2 W	B0B55MFH1D	シングルボードコンピュータ	2022-08-17
3384	Miuzei 最新 Raspberry Pi 4 ケース	https://www.amazon.co.jp/dp/B07H2WKYBF?tag=eih4uh06-22&linkCode=ogi&th=1&psc=1	NULL	NULL	2099	https://m.media-amazon.com/images/I/513LEFJLOML._SL500_.jpg	Miuzei Raspberry Pi 4 ケース	B07H2WKYBF	シングルボードコンピュータ	2022-08-16
3383	Raspberry Pi 4 Model B (8 GB)	https://www.amazon.co.jp/dp/B0891RC99L?tag=eih4uh06-22&linkCode=ogi&th=1&psc=1	NULL	NULL	12590	https://m.media-amazon.com/images/I/41vm2c8j30L._SL500_.jpg	Raspberry Pi 4 Model B 8GB	B0891RC99L	シングルボードコンピュータ	2022-08-16
3284	Portable Multi-Function Dryer RF168	https://www.amazon.co.jp/dp/B09MYS34PJ?tag=eih4uh06-22&linkCode=ogi&th=1&psc=1	NULL	NULL		https://m.media-amazon.com/images/I/31WK8Nz8RJL._SL500_.jpg	ポータブル衣類乾燥機	B09MYS34PJ	衣類・ふとん乾燥機本体	2022-08-14
3052	New Balance CM996 HB2	https://www.amazon.co.jp/dp/B093YCWBJF?tag=eih4uh06-22&linkCode=ogi&th=1&psc=1	NULL	NULL		https://m.media-amazon.com/images/I/41slFTwHqfL._SL500_.jpg	ニューバランス CM996 HB2	B093YCWBJF	メンズスニーカー	2022-07-10
3051	Nike Internationalist 828041-001	https://www.amazon.co.jp/dp/B01G0M0QM8?tag=eih4uh06-22&linkCode=ogi&th=1&psc=1	NULL	NULL		https://m.media-amazon.com/images/I/41rqampCgLL._SL500_.jpg	ナイキ インターナショナリスト	B01G0M0QM8	メンズスニーカー	2022-07-10
2819	Apple MacBook Pro (14-inch, 2021) [Apple M1 Pro 8-Core CPU 14-Core GPU, 16 GB Memory, 512 GB SSD Storage] Silver	https://www.amazon.co.jp/dp/B09JQQQ7WF?tag=eih4uh06-22&linkCode=ogi&th=1&psc=1	NULL	NULL		https://m.media-amazon.com/images/I/31d7D0Bg1pL._SL500_.jpg	Apple MacBook Pro 14インチ 2021	B09JQQQ7WF	標準型ノートパソコン	2022-06-02
2818	ELDEN RING	https://www.amazon.co.jp/dp/B09L1B6GJN?tag=eih4uh06-22&linkCode=ogi&th=1&psc=1	NULL	NULL	6524	https://m.media-amazon.com/images/I/41eNX0bbdWL._SL500_.jpg	ELDEN RING	B09L1B6GJN	PS5ゲームソフト	2022-06-02
2422	ZOOM  H1n	https://www.amazon.co.jp/dp/B077QFD4J6?tag=eih4uh06-22&linkCode=ogi&th=1&psc=1	NULL	NULL	8490	https://m.media-amazon.com/images/I/41T-CJndOiL._SL500_.jpg	ZOOM H1n	B077QFD4J6	ポータブルレコーダー	2022-05-04
2420	Panasonic NA-LX127AL-W	https://www.amazon.co.jp/dp/B09DP1G4WM?tag=eih4uh06-22&linkCode=ogi&th=1&psc=1	NULL	NULL	170000	https://m.media-amazon.com/images/I/412P6fumwuL._SL500_.jpg	NA-LX127AL	B09DP1G4WM	洗濯乾燥機	2022-05-04
2217	GL.iNet Slate GL-AR750S-Ext	https://www.amazon.co.jp/dp/B07GBXMBQF?tag=eih4uh06-22&linkCode=ogi&th=1&psc=1	NULL	NULL		https://m.media-amazon.com/images/I/31ALsD2rvFL._SL500_.jpg	GL-AR750S-Ext	B07GBXMBQF	無線・有線LANルーター	2022-04-27
1750	いなば 金のだし まぐろ・かつお かつお節入り 60g×12個 (まとめ買い)	https://www.amazon.co.jp/dp/B00UR35CO4?tag=eih4uh06-22&linkCode=ogi&th=1&psc=1	NULL	NULL		https://m.media-amazon.com/images/I/610WygJaZBL._SL500_.jpg	いなば 金のだし パウチ	B00UR35CO4	ウェットキャットフード	2022-03-16
1690	Brother HL-L3230CDW	https://www.amazon.co.jp/dp/B07G235ZPN?tag=eih4uh06-22&linkCode=ogi&th=1&psc=1	NULL	NULL	29583	https://m.media-amazon.com/images/I/41PNdxPBTdL._SL500_.jpg	HL-L3230CDW	B07G235ZPN	レーザープリンタ	2022-03-12
1445	SanDisk Ultra Dual Drive Go USB Type-C 64 GB SDDDC3-064G-G46	NULL	NULL	NULL	1580	https://m.media-amazon.com/images/I/715A+TYJFSL.jpg	SDDDC3-064G-G46	B07YYK13LF	USBメモリ・フラッシュドライブ	2022-02-21
1407	Lexar JumpDrive Dual Drive E32c USB 3.2 Gen1 Type-C 64 GB	https://www.amazon.co.jp/dp/B08XYX23DJ?tag=eih4uh06-22&linkCode=ogi&th=1&psc=1	NULL	NULL		https://m.media-amazon.com/images/I/313SVu8nPdL._SL500_.jpg	Lexar E32c 64GB	B08XYX23DJ	USBメモリ・フラッシュドライブ	2022-02-21
1377	Horizon Forbidden West	https://www.amazon.co.jp/dp/B09FF4KJ3G?tag=eih4uh06-22&linkCode=ogi&th=1&psc=1			3643	https://m.media-amazon.com/images/I/51SLqOzdLgL._SL500_.jpg	Horizon Forbidden West	B09FF4KJ3G	PS4ゲームソフト	2022-02-19
